Iteration,Array_Latency,Heap_Latency
1,1200,600
2,400,300
3,200,300
4,100,200
5,200,200
6,200,200
7,700,300
8,300,200
9,200,200
10,200,100
11,200,200
12,200,100
13,300,200
14,300,200
15,300,100
16,200,100
17,200,100
18,200,200
19,300,200
20,200,200
21,300,100
22,300,100
23,300,100
24,300,100
25,200,200
26,200,200
27,300,100
28,300,100
29,300,100
30,300,100
31,300,100
32,300,100
33,300,100
34,300,200
35,300,100
36,300,100
37,400,200
38,300,200
39,300,100
40,300,100
41,300,200
42,300,200
43,300,100
44,300,100
45,300,100
46,400,200
47,300,100
48,300,100
49,300,100
50,400,100
51,400,100
52,400,100
53,400,100
54,300,100
55,300,100
56,400,100
57,400,100
58,400,100
59,400,200
60,400,100
61,400,100
62,400,100
63,400,100
64,400,100
65,500,200
66,500,200
67,500,200
68,400,100
69,500,100
70,500,100
71,400,100
72,500,100
73,400,100
74,500,100
75,400,100
76,500,100
77,400,200
78,500,100
79,400,100
80,400,100
81,500,100
82,400,100
83,500,100
84,500,100
85,500,100
86,500,100
87,500,200
88,500,100
89,500,200
90,500,100
91,500,100
92,400,200
93,500,200
94,500,200
95,500,200
96,500,100
97,500,100
98,500,100
99,600,100
100,1000,100
101,200,200
102,200,100
103,200,200
104,200,100
105,200,100
106,600,300
107,400,100
108,300,200
109,300,100
110,200,200
111,200,200
112,200,100
113,300,200
114,200,100
115,300,100
116,200,200
117,300,100
118,300,100
119,200,200
120,300,200
121,300,200
122,300,100
123,300,100
124,300,100
125,300,100
126,300,200
127,300,100
128,200,100
129,300,100
130,300,200
131,300,200
132,300,200
133,300,200
134,300,100
135,400,200
136,400,200
137,300,100
138,300,100
139,300,200
140,300,100
141,300,100
142,300,100
143,400,200
144,300,100
145,300,100
146,400,100
147,300,100
148,400,100
149,300,100
150,400,100
151,400,200
152,500,200
153,400,100
154,300,100
155,400,200
156,300,100
157,400,100
158,400,200
159,400,100
160,400,100
161,400,100
162,400,100
163,400,200
164,400,400
165,400,200
166,400,100
167,400,200
168,400,100
169,400,100
170,400,100
171,400,100
172,400,200
173,400,200
174,500,100
175,400,200
176,500,100
177,500,200
178,500,100
179,400,200
180,500,100
181,500,200
182,400,100
183,400,100
184,400,100
185,400,100
186,500,200
187,500,100
188,400,200
189,500,100
190,400,100
191,400,200
192,400,100
193,400,200
194,500,100
195,500,100
196,500,200
197,500,100
198,500,100
199,500,100
200,900,200
201,200,100
202,300,200
203,300,200
204,300,100
205,200,100
206,200,100
207,200,100
208,200,100
209,200,200
210,300,200
211,300,100
212,200,200
213,200,100
214,200,100
215,300,100
216,300,100
217,300,100
218,300,100
219,200,200
220,200,200
221,200,200
222,300,100
223,200,100
224,200,100
225,200,100
226,300,100
227,200,100
228,200,100
229,300,200
230,300,200
231,300,200
232,300,200
233,300,200
234,300,100
235,300,200
236,300,200
237,300,200
238,300,100
239,300,100
240,300,100
241,400,200
242,400,200
243,300,100
244,300,200
245,300,200
246,300,100
247,400,200
248,400,100
249,400,100
250,300,200
251,400,200
252,300,100
253,300,100
254,400,200
255,300,100
256,300,200
257,300,100
258,300,100
259,300,100
260,400,200
261,400,100
262,400,100
263,400,100
264,700,400
265,500,100
266,400,100
267,400,100
268,400,100
269,400,100
270,400,100
271,400,100
272,400,200
273,400,200
274,500,100
275,400,100
276,300,100
277,400,100
278,400,100
279,400,100
280,400,100
281,400,100
282,400,100
283,400,100
284,400,100
285,500,200
286,500,100
287,400,100
288,500,100
289,400,100
290,400,100
291,400,100
292,400,100
293,400,100
294,400,100
295,500,200
296,500,200
297,400,100
298,1500,400
299,1600,400
300,700,100
301,100,200
302,300,200
303,200,200
304,200,200
305,200,100
306,300,100
307,200,100
308,300,200
309,200,100
310,200,200
311,100,100
312,100,100
313,100,100
314,200,100
315,100,100
316,200,100
317,200,100
318,200,200
319,200,100
320,100,100
321,200,100
322,100,100
323,300,100
324,200,100
325,200,100
326,200,100
327,200,100
328,200,100
329,300,100
330,200,100
331,300,200
332,200,100
333,400,200
334,400,200
335,400,100
336,300,100
337,300,200
338,400,200
339,300,200
340,400,200
341,300,100
342,400,100
343,300,100
344,300,200
345,500,200
346,400,200
347,400,200
348,1000,400
349,400,200
350,400,100
351,400,200
352,400,200
353,300,100
354,300,100
355,400,100
356,400,100
357,400,100
358,400,200
359,400,100
360,400,100
361,400,200
362,400,100
363,400,100
364,400,100
365,400,100
366,500,100
367,400,100
368,500,100
369,400,200
370,400,100
371,400,200
372,500,200
373,500,100
374,4300,200
375,400,200
376,400,100
377,400,200
378,400,100
379,400,100
380,400,100
381,400,100
382,500,200
383,400,100
384,400,100
385,500,200
386,400,100
387,500,100
388,500,200
389,400,200
390,500,100
391,500,100
392,500,200
393,500,100
394,500,100
395,500,200
396,500,100
397,500,100
398,500,100
399,500,100
400,900,200
401,300,100
402,200,200
403,200,100
404,200,100
405,200,100
406,200,100
407,300,100
408,200,100
409,300,100
410,300,200
411,200,100
412,300,200
413,300,100
414,300,100
415,700,400
416,300,100
417,300,100
418,300,100
419,300,100
420,200,200
421,300,100
422,300,100
423,300,100
424,300,200
425,300,100
426,300,100
427,300,100
428,300,200
429,300,100
430,300,100
431,300,100
432,300,100
433,400,200
434,300,100
435,300,100
436,300,200
437,300,100
438,300,200
439,300,200
440,400,200
441,300,100
442,300,100
443,300,100
444,300,100
445,400,200
446,400,200
447,300,200
448,400,200
449,400,100
450,300,100
451,400,100
452,400,100
453,400,200
454,400,100
455,400,100
456,400,100
457,400,100
458,400,200
459,400,200
460,400,100
461,400,100
462,400,100
463,400,200
464,400,100
465,400,100
466,400,100
467,400,200
468,400,100
469,400,100
470,400,200
471,400,100
472,500,100
473,400,200
474,400,100
475,400,100
476,500,100
477,500,200
478,500,100
479,500,100
480,500,100
481,500,200
482,500,100
483,500,100
484,500,200
485,400,200
486,500,100
487,500,100
488,500,100
489,500,100
490,500,200
491,600,100
492,500,200
493,500,100
494,500,200
495,500,200
496,500,200
497,500,200
498,500,100
499,500,100
500,1000,300
501,300,200
502,200,100
503,300,200
504,200,200
505,200,100
506,200,100
507,200,100
508,200,100
509,300,200
510,200,100
511,200,100
512,300,200
513,200,100
514,300,100
515,200,100
516,300,100
517,500,400
518,300,200
519,300,200
520,300,100
521,300,200
522,300,200
523,200,200
524,300,100
525,300,100
526,300,100
527,300,100
528,200,200
529,300,100
530,300,100
531,300,200
532,300,200
533,300,200
534,400,200
535,300,200
536,300,200
537,300,100
538,300,100
539,400,200
540,300,200
541,300,200
542,400,100
543,300,100
544,300,100
545,200,100
546,300,100
547,300,100
548,300,100
549,300,100
550,300,100
551,300,200
552,300,200
553,300,100
554,400,100
555,300,200
556,400,200
557,400,100
558,400,100
559,400,100
560,400,200
561,400,200
562,400,200
563,400,100
564,400,100
565,400,200
566,400,100
567,400,200
568,400,200
569,400,100
570,400,200
571,400,100
572,500,200
573,400,100
574,400,100
575,500,100
576,400,200
577,500,200
578,400,200
579,500,100
580,500,200
581,500,200
582,500,100
583,18400,100
584,1100,1300
585,400,100
586,400,200
587,400,100
588,400,100
589,400,100
590,500,100
591,400,200
592,500,100
593,500,100
594,500,100
595,500,100
596,500,100
597,500,100
598,500,200
599,600,200
600,1000,200
601,200,100
602,200,200
603,200,100
604,200,200
605,200,200
606,300,100
607,200,100
608,200,100
609,300,100
610,200,200
611,300,100
612,200,100
613,200,100
614,200,100
615,300,100
616,200,100
617,200,100
618,200,100
619,200,100
620,300,100
621,200,100
622,300,100
623,300,100
624,300,100
625,300,100
626,300,200
627,300,100
628,300,100
629,300,100
630,300,100
631,300,100
632,300,100
633,300,100
634,400,100
635,300,100
636,300,100
637,300,100
638,400,200
639,300,200
640,400,200
641,300,100
642,400,200
643,400,100
644,400,100
645,300,100
646,400,200
647,300,200
648,400,100
649,400,200
650,300,100
651,300,100
652,300,100
653,300,200
654,400,100
655,300,100
656,300,100
657,400,200
658,400,100
659,400,100
660,400,200
661,500,200
662,400,100
663,400,100
664,400,100
665,400,100
666,400,200
667,400,100
668,400,100
669,400,100
670,500,100
671,400,100
672,400,100
673,400,100
674,500,100
675,500,200
676,500,100
677,500,100
678,500,200
679,400,100
680,500,100
681,400,100
682,400,100
683,400,100
684,400,100
685,400,200
686,500,100
687,500,100
688,500,100
689,900,500
690,500,200
691,600,200
692,500,100
693,600,200
694,500,100
695,500,100
696,500,100
697,600,200
698,500,200
699,500,100
700,900,100
701,200,100
702,200,200
703,300,200
704,200,100
705,300,100
706,300,200
707,200,100
708,200,200
709,300,200
710,200,200
711,500,300
712,300,200
713,200,200
714,300,200
715,300,200
716,300,100
717,200,200
718,300,200
719,300,200
720,300,100
721,200,200
722,300,100
723,300,100
724,300,100
725,300,100
726,300,200
727,300,100
728,300,200
729,300,200
730,300,200
731,200,200
732,300,100
733,300,100
734,400,200
735,700,400
736,500,200
737,400,100
738,300,200
739,300,100
740,300,200
741,400,100
742,300,200
743,300,100
744,400,200
745,300,100
746,300,100
747,300,200
748,400,100
749,400,100
750,300,100
751,400,100
752,600,400
753,400,100
754,400,100
755,400,200
756,400,200
757,400,200
758,400,100
759,400,200
760,400,200
761,400,100
762,500,200
763,400,100
764,400,100
765,500,100
766,400,200
767,500,200
768,400,100
769,500,200
770,400,200
771,400,200
772,400,200
773,500,200
774,500,200
775,500,100
776,500,100
777,500,100
778,500,100
779,500,100
780,400,100
781,500,100
782,500,200
783,500,2300
784,500,100
785,400,100
786,500,200
787,500,100
788,400,200
789,400,100
790,500,100
791,500,100
792,500,200
793,500,200
794,500,100
795,500,100
796,500,100
797,500,100
798,500,100
799,500,100
800,900,200
801,200,100
802,200,200
803,200,100
804,200,100
805,200,200
806,300,200
807,200,200
808,200,100
809,200,100
810,300,100
811,300,200
812,300,200
813,200,100
814,300,200
815,300,100
816,200,200
817,200,100
818,200,100
819,300,100
820,200,100
821,200,100
822,300,200
823,300,200
824,300,200
825,300,100
826,300,100
827,300,100
828,300,100
829,300,200
830,300,200
831,300,200
832,400,200
833,400,200
834,300,200
835,300,200
836,300,100
837,400,200
838,400,100
839,300,100
840,400,100
841,300,100
842,300,100
843,300,100
844,300,100
845,400,100
846,300,200
847,300,100
848,300,100
849,300,100
850,300,100
851,300,100
852,300,100
853,300,200
854,300,100
855,400,100
856,400,100
857,400,200
858,400,100
859,400,200
860,400,100
861,400,100
862,400,200
863,400,100
864,400,100
865,400,100
866,400,100
867,400,100
868,400,200
869,400,100
870,500,200
871,400,100
872,400,100
873,500,100
874,400,100
875,400,200
876,400,100
877,400,100
878,400,200
879,400,100
880,500,100
881,500,100
882,500,100
883,500,300
884,2700,100
885,500,100
886,400,100
887,500,100
888,500,100
889,500,100
890,400,100
891,500,100
892,500,100
893,500,100
894,500,200
895,500,200
896,600,100
897,500,100
898,600,200
899,500,200
900,1000,200
901,300,200
902,200,100
903,200,100
904,200,100
905,200,100
906,200,100
907,200,200
908,200,100
909,200,100
910,200,100
911,300,200
912,200,200
913,300,100
914,300,200
915,200,200
916,300,100
917,300,200
918,300,100
919,300,100
920,300,2500
921,300,100
922,300,200
923,300,200
924,200,100
925,300,100
926,300,100
927,300,100
928,300,100
929,78500,500
930,500,100
931,400,100
932,300,100
933,400,200
934,400,200
935,300,100
936,400,200
937,300,200
938,300,100
939,300,100
940,300,100
941,300,100
942,300,100
943,300,100
944,300,100
945,300,100
946,300,100
947,400,200
948,400,100
949,300,200
950,300,100
951,400,200
952,300,100
953,400,200
954,300,200
955,400,200
956,400,200
957,400,200
958,400,100
959,400,100
960,400,100
961,400,100
962,500,200
963,300,200
964,400,100
965,400,100
966,400,100
967,400,100
968,400,200
969,400,200
970,400,100
971,500,200
972,500,100
973,400,100
974,500,100
975,600,100
976,400,100
977,400,100
978,900,400
979,300,200
980,300,100
981,400,100
982,500,100
983,300,100
984,700,200
985,400,200
986,400,100
987,600,200
988,600,100
989,300,100
990,400,200
991,300,200
992,300,100
993,600,100
994,400,100
995,400,100
996,300,200
997,400,100
998,400,100
999,300,100
1000,800,200
