Algorithm,InputSize,TimeMS
Bubble,1000,5
Bubble,2000,19
Bubble,3000,31
Bubble,4000,31
Bubble,5000,53
Bubble,10000,133
Bubble,20000,835
Bubble,40000,4305
Bubble,80000,Skipped
Bubble,160000,Skipped
Bubble,250000,Skipped
Bubble,500000,Skipped
Selection,1000,1
Selection,2000,2
Selection,3000,7
Selection,4000,11
Selection,5000,14
Selection,10000,54
Selection,20000,199
Selection,40000,803
Selection,80000,Skipped
Selection,160000,Skipped
Selection,250000,Skipped
Selection,500000,Skipped
Insertion,1000,0
Insertion,2000,2
Insertion,3000,4
Insertion,4000,5
Insertion,5000,10
Insertion,10000,34
Insertion,20000,126
Insertion,40000,499
Insertion,80000,Skipped
Insertion,160000,Skipped
Insertion,250000,Skipped
Insertion,500000,Skipped
Merge,1000,1
Merge,2000,1
Merge,3000,2
Merge,4000,3
Merge,5000,4
Merge,10000,8
Merge,20000,13
Merge,40000,35
Merge,80000,59
Merge,160000,112
Merge,250000,182
Merge,500000,328
Quick,1000,0
Quick,2000,0
Quick,3000,0
Quick,4000,0
Quick,5000,1
Quick,10000,1
Quick,20000,2
Quick,40000,5
Quick,80000,11
Quick,160000,23
Quick,250000,36
Quick,500000,77
Heap,1000,0
Heap,2000,0
Heap,3000,0
Heap,4000,1
Heap,5000,1
Heap,10000,2
Heap,20000,4
Heap,40000,9
Heap,80000,21
Heap,160000,45
Heap,250000,74
Heap,500000,159
Bubble,1000,4
Bubble,2000,10
Bubble,3000,23
Bubble,4000,26
Bubble,5000,33
Bubble,10000,162
Bubble,20000,846
Bubble,40000,4334
Selection,1000,0
Selection,2000,3
Selection,3000,6
Selection,4000,13
Selection,5000,18
Selection,10000,54
Selection,20000,237
Selection,40000,878
Insertion,1000,0
Insertion,2000,1
Insertion,3000,3
Insertion,4000,5
Insertion,5000,8
Insertion,10000,32
Insertion,20000,125
Insertion,40000,527
Merge,1000,0
Merge,2000,1
Merge,3000,2
Merge,4000,2
Merge,5000,3
Merge,10000,9
Merge,20000,14
Merge,40000,28
Merge,80000,54
Merge,160000,102
Merge,250000,175
Merge,500000,341
Quick,1000,0
Quick,2000,0
Quick,3000,0
Quick,4000,0
Quick,5000,0
Quick,10000,1
Quick,20000,2
Quick,40000,5
Quick,80000,13
Quick,160000,32
Quick,250000,48
Quick,500000,79
Heap,1000,0
Heap,2000,0
Heap,3000,0
Heap,4000,0
Heap,5000,1
Heap,10000,4
Heap,20000,5
Heap,40000,9
Heap,80000,23
Heap,160000,59
Heap,250000,92
Heap,500000,168
Bubble,1000,4
Bubble,2000,24
Bubble,3000,47
Bubble,4000,54
Bubble,5000,65
Bubble,10000,139
Bubble,20000,877
Bubble,40000,4380
Selection,1000,0
Selection,2000,2
Selection,3000,6
Selection,4000,11
Selection,5000,18
Selection,10000,58
Selection,20000,226
Selection,40000,909
Insertion,1000,0
Insertion,2000,1
Insertion,3000,3
Insertion,4000,6
Insertion,5000,9
Insertion,10000,32
Insertion,20000,123
Insertion,40000,498
Merge,1000,0
Merge,2000,1
Merge,3000,1
Merge,4000,3
Merge,5000,3
Merge,10000,5
Merge,20000,13
Merge,40000,27
Merge,80000,50
Merge,160000,102
Merge,250000,166
Merge,500000,327
Quick,1000,0
Quick,2000,0
Quick,3000,0
Quick,4000,0
Quick,5000,0
Quick,10000,1
Quick,20000,2
Quick,40000,6
Quick,80000,10
Quick,160000,22
Quick,250000,36
Quick,500000,77
Heap,1000,0
Heap,2000,0
Heap,3000,0
Heap,4000,0
Heap,5000,1
Heap,10000,3
Heap,20000,4
Heap,40000,11
Heap,80000,23
Heap,160000,44
Heap,250000,77
Heap,500000,164
Bubble,1000,2
Bubble,2000,11
Bubble,3000,19
Bubble,4000,29
Bubble,5000,36
Bubble,10000,144
Bubble,20000,885
Bubble,40000,4434
Selection,1000,0
Selection,2000,3
Selection,3000,7
Selection,4000,10
Selection,5000,13
Selection,10000,53
Selection,20000,206
Selection,40000,839
Insertion,1000,0
Insertion,2000,2
Insertion,3000,3
Insertion,4000,5
Insertion,5000,8
Insertion,10000,32
Insertion,20000,126
Insertion,40000,539
Merge,1000,0
Merge,2000,1
Merge,3000,1
Merge,4000,2
Merge,5000,3
Merge,10000,9
Merge,20000,21
Merge,40000,40
Merge,80000,52
Merge,160000,105
Merge,250000,187
Merge,500000,374
Quick,1000,0
Quick,2000,0
Quick,3000,0
Quick,4000,0
Quick,5000,0
Quick,10000,1
Quick,20000,2
Quick,40000,6
Quick,80000,15
Quick,160000,27
Quick,250000,43
Quick,500000,79
Heap,1000,0
Heap,2000,0
Heap,3000,0
Heap,4000,0
Heap,5000,1
Heap,10000,2
Heap,20000,4
Heap,40000,11
Heap,80000,28
Heap,160000,50
Heap,250000,82
Heap,500000,182
Bubble,1000,5
Bubble,2000,18
Bubble,3000,35
Bubble,4000,48
Bubble,5000,38
Bubble,10000,137
Bubble,20000,907
Bubble,40000,4541
Selection,1000,1
Selection,2000,3
Selection,3000,6
Selection,4000,16
Selection,5000,14
Selection,10000,50
Selection,20000,203
Selection,40000,814
Insertion,1000,0
Insertion,2000,1
Insertion,3000,4
Insertion,4000,5
Insertion,5000,9
Insertion,10000,33
Insertion,20000,125
Insertion,40000,495
Merge,1000,0
Merge,2000,1
Merge,3000,1
Merge,4000,2
Merge,5000,2
Merge,10000,7
Merge,20000,14
Merge,40000,27
Merge,80000,53
Merge,160000,104
Merge,250000,161
Merge,500000,325
Quick,1000,0
Quick,2000,0
Quick,3000,0
Quick,4000,0
Quick,5000,0
Quick,10000,1
Quick,20000,3
Quick,40000,5
Quick,80000,12
Quick,160000,22
Quick,250000,36
Quick,500000,77
Heap,1000,0
Heap,2000,0
Heap,3000,0
Heap,4000,1
Heap,5000,1
Heap,10000,2
Heap,20000,4
Heap,40000,9
Heap,80000,21
Heap,160000,46
Heap,250000,75
Heap,500000,164
Bubble,1000,5
Bubble,2000,15
Bubble,3000,41
Bubble,4000,50
Bubble,5000,67
Bubble,10000,144
Bubble,20000,821
Bubble,40000,4339
Selection,1000,0
Selection,2000,2
Selection,3000,5
Selection,4000,9
Selection,5000,14
Selection,10000,59
Selection,20000,231
Selection,40000,942
Insertion,1000,0
Insertion,2000,1
Insertion,3000,2
Insertion,4000,6
Insertion,5000,12
Insertion,10000,37
Insertion,20000,140
Insertion,40000,575
Merge,1000,0
Merge,2000,1
Merge,3000,3
Merge,4000,3
Merge,5000,3
Merge,10000,11
Merge,20000,19
Merge,40000,30
Merge,80000,66
Merge,160000,123
Merge,250000,187
Merge,500000,333
Quick,1000,0
Quick,2000,0
Quick,3000,0
Quick,4000,0
Quick,5000,0
Quick,10000,1
Quick,20000,3
Quick,40000,5
Quick,80000,10
Quick,160000,25
Quick,250000,40
Quick,500000,86
Heap,1000,0
Heap,2000,0
Heap,3000,0
Heap,4000,0
Heap,5000,1
Heap,10000,2
Heap,20000,6
Heap,40000,14
Heap,80000,25
Heap,160000,59
Heap,250000,83
Heap,500000,188
Bubble,1000,4
Bubble,2000,21
Bubble,3000,31
Bubble,4000,26
Bubble,5000,29
Bubble,10000,141
Bubble,20000,894
Bubble,40000,4365
Selection,1000,0
Selection,2000,2
Selection,3000,6
Selection,4000,11
Selection,5000,17
Selection,10000,51
Selection,20000,198
Selection,40000,827
Insertion,1000,0
Insertion,2000,1
Insertion,3000,3
Insertion,4000,5
Insertion,5000,7
Insertion,10000,33
Insertion,20000,126
Insertion,40000,498
Merge,1000,0
Merge,2000,1
Merge,3000,2
Merge,4000,2
Merge,5000,2
Merge,10000,5
Merge,20000,12
Merge,40000,32
Merge,80000,51
Merge,160000,105
Merge,250000,161
Merge,500000,327
Quick,1000,0
Quick,2000,0
Quick,3000,0
Quick,4000,0
Quick,5000,0
Quick,10000,1
Quick,20000,2
Quick,40000,5
Quick,80000,11
Quick,160000,22
Quick,250000,36
Quick,500000,79
Heap,1000,0
Heap,2000,0
Heap,3000,1
Heap,4000,1
Heap,5000,1
Heap,10000,2
Heap,20000,4
Heap,40000,10
Heap,80000,21
Heap,160000,47
Heap,250000,75
Heap,500000,168
Algorithm,InputSize,DataType,TimeMS
Bubble,1000,sorted,1
Bubble,2000,sorted,8
Bubble,3000,sorted,24
Bubble,4000,sorted,47
Bubble,5000,sorted,54
Bubble,10000,sorted,179
Bubble,20000,sorted,887
Bubble,40000,sorted,3358
Selection,1000,sorted,0
Selection,2000,sorted,4
Selection,3000,sorted,7
Selection,4000,sorted,14
Selection,5000,sorted,22
Selection,10000,sorted,87
Selection,20000,sorted,462
Selection,40000,sorted,1727
Insertion,1000,sorted,0
Insertion,2000,sorted,0
Insertion,3000,sorted,0
Insertion,4000,sorted,0
Insertion,5000,sorted,0
Insertion,10000,sorted,0
Insertion,20000,sorted,0
Insertion,40000,sorted,0
Merge,1000,sorted,0
Merge,2000,sorted,1
Merge,3000,sorted,3
Merge,4000,sorted,3
Merge,5000,sorted,5
Merge,10000,sorted,11
Merge,20000,sorted,20
Merge,40000,sorted,41
Merge,80000,sorted,83
Merge,160000,sorted,164
Merge,250000,sorted,265
Merge,500000,sorted,530
Quick,1000,sorted,0
Quick,2000,sorted,0
Quick,3000,sorted,0
Quick,4000,sorted,0
Quick,5000,sorted,1
Quick,10000,sorted,2
Quick,20000,sorted,4
Quick,40000,sorted,9
Quick,80000,sorted,19
Quick,160000,sorted,38
Quick,250000,sorted,65
Quick,500000,sorted,138
Heap,1000,sorted,0
Heap,2000,sorted,0
Heap,3000,sorted,2
Heap,4000,sorted,1
Heap,5000,sorted,2
Heap,10000,sorted,5
Heap,20000,sorted,7
Heap,40000,sorted,19
Heap,80000,sorted,39
Heap,160000,sorted,77
Heap,250000,sorted,135
Heap,500000,sorted,259
Bubble,1000,random,4
Bubble,2000,random,20
Bubble,3000,random,45
Bubble,4000,random,88
Bubble,5000,random,122
Bubble,10000,random,578
Bubble,20000,random,2539
Bubble,40000,random,10554
Selection,1000,random,1
Selection,2000,random,5
Selection,3000,random,15
Selection,4000,random,20
Selection,5000,random,43
Selection,10000,random,135
Selection,20000,random,442
Selection,40000,random,1664
Insertion,1000,random,0
Insertion,2000,random,2
Insertion,3000,random,5
Insertion,4000,random,10
Insertion,5000,random,16
Insertion,10000,random,62
Insertion,20000,random,259
Insertion,40000,random,1046
Merge,1000,random,0
Merge,2000,random,1
Merge,3000,random,3
Merge,4000,random,3
Merge,5000,random,5
Merge,10000,random,11
Merge,20000,random,23
Merge,40000,random,46
Merge,80000,random,94
Merge,160000,random,194
Merge,250000,random,313
Merge,500000,random,612
Quick,1000,random,0
Quick,2000,random,0
Quick,3000,random,1
Quick,4000,random,1
Quick,5000,random,1
Quick,10000,random,3
Quick,20000,random,6
Quick,40000,random,14
Quick,80000,random,29
Quick,160000,random,61
Quick,250000,random,95
Quick,500000,random,215
Heap,1000,random,0
Heap,2000,random,0
Heap,3000,random,0
Heap,4000,random,1
Heap,5000,random,2
Heap,10000,random,4
Heap,20000,random,11
Heap,40000,random,23
Heap,80000,random,48
Heap,160000,random,101
Heap,250000,random,169
Heap,500000,random,367
Bubble,1000,reverse,4
Bubble,2000,reverse,19
Bubble,3000,reverse,41
Bubble,4000,reverse,103
Bubble,5000,reverse,150
Bubble,10000,reverse,542
Bubble,20000,reverse,2180
Bubble,40000,reverse,8454
Selection,1000,reverse,0
Selection,2000,reverse,3
Selection,3000,reverse,8
Selection,4000,reverse,15
Selection,5000,reverse,24
Selection,10000,reverse,102
Selection,20000,reverse,468
Selection,40000,reverse,1755
Insertion,1000,reverse,3
Insertion,2000,reverse,4
Insertion,3000,reverse,10
Insertion,4000,reverse,19
Insertion,5000,reverse,29
Insertion,10000,reverse,150
Insertion,20000,reverse,541
Insertion,40000,reverse,2083
Merge,1000,reverse,0
Merge,2000,reverse,1
Merge,3000,reverse,3
Merge,4000,reverse,4
Merge,5000,reverse,4
Merge,10000,reverse,10
Merge,20000,reverse,20
Merge,40000,reverse,36
Merge,80000,reverse,78
Merge,160000,reverse,165
Merge,250000,reverse,245
Merge,500000,reverse,497
Quick,1000,reverse,0
Quick,2000,reverse,0
Quick,3000,reverse,0
Quick,4000,reverse,0
Quick,5000,reverse,0
Quick,10000,reverse,1
Quick,20000,reverse,3
Quick,40000,reverse,7
Quick,80000,reverse,17
Quick,160000,reverse,39
Quick,250000,reverse,71
Quick,500000,reverse,163
Heap,1000,reverse,0
Heap,2000,reverse,0
Heap,3000,reverse,1
Heap,4000,reverse,1
Heap,5000,reverse,1
Heap,10000,reverse,3
Heap,20000,reverse,8
Heap,40000,reverse,18
Heap,80000,reverse,37
Heap,160000,reverse,76
Heap,250000,reverse,126
Heap,500000,reverse,261
Algorithm,InputSize,DataType,TimeMS
Bubble,1000,sorted,0
Bubble,2000,sorted,4
Bubble,3000,sorted,7
Bubble,4000,sorted,14
Bubble,5000,sorted,22
Bubble,10000,sorted,69
Bubble,20000,sorted,305
Bubble,40000,sorted,1856
Bubble,80000,sorted,2877
Bubble,160000,sorted,20358
Bubble,250000,sorted,101495
Bubble,500000,sorted,573113
Selection,1000,sorted,0
Selection,2000,sorted,4
Selection,3000,sorted,11
Selection,4000,sorted,16
Selection,5000,sorted,23
Selection,10000,sorted,97
Selection,20000,sorted,475
Selection,40000,sorted,1729
Selection,80000,sorted,6862
Selection,160000,sorted,28438
Selection,250000,sorted,67621
Selection,500000,sorted,577573
Insertion,1000,sorted,0
Insertion,2000,sorted,0
Insertion,3000,sorted,0
Insertion,4000,sorted,0
Insertion,5000,sorted,0
Insertion,10000,sorted,0
Insertion,20000,sorted,0
Insertion,40000,sorted,0
Insertion,80000,sorted,0
Insertion,160000,sorted,0
Insertion,250000,sorted,0
Insertion,500000,sorted,2
Merge,1000,sorted,0
Merge,2000,sorted,1
Merge,3000,sorted,2
Merge,4000,sorted,3
Merge,5000,sorted,4
Merge,10000,sorted,8
Merge,20000,sorted,18
Merge,40000,sorted,42
Merge,80000,sorted,85
Merge,160000,sorted,163
Merge,250000,sorted,252
Merge,500000,sorted,495
Quick,1000,sorted,37
Quick,2000,sorted,0
Quick,3000,sorted,0
Quick,4000,sorted,0
Quick,5000,sorted,0
Quick,10000,sorted,1
Quick,20000,sorted,3
Quick,40000,sorted,9
Quick,80000,sorted,17
Quick,160000,sorted,36
Quick,250000,sorted,60
Quick,500000,sorted,135
Heap,1000,sorted,0
Heap,2000,sorted,0
Heap,3000,sorted,0
Heap,4000,sorted,1
Heap,5000,sorted,1
Heap,10000,sorted,5
Heap,20000,sorted,8
Heap,40000,sorted,18
Heap,80000,sorted,36
Heap,160000,sorted,76
Heap,250000,sorted,124
Heap,500000,sorted,260
Bubble,1000,random,3
Bubble,2000,random,22
Bubble,3000,random,45
Bubble,4000,random,84
Bubble,5000,random,151
Bubble,10000,random,568
Bubble,20000,random,2499
Bubble,40000,random,10629
Bubble,80000,random,43340
Bubble,160000,random,1031390
Bubble,250000,random,640888
Bubble,500000,random,1789008
Selection,1000,random,1
Selection,2000,random,8
Selection,3000,random,15
Selection,4000,random,27
Selection,5000,random,43
Selection,10000,random,166
Selection,20000,random,675
Selection,40000,random,2692
Selection,80000,random,10779
Selection,160000,random,169007
Selection,250000,random,102565
Selection,500000,random,420411
Insertion,1000,random,0
Insertion,2000,random,3
Insertion,3000,random,7
Insertion,4000,random,13
Insertion,5000,random,19
Insertion,10000,random,80
Insertion,20000,random,317
Insertion,40000,random,1260
Insertion,80000,random,5076
Insertion,160000,random,20370
Insertion,250000,random,496321
Insertion,500000,random,206245
Merge,1000,random,1
Merge,2000,random,39
Merge,3000,random,4
Merge,4000,random,4
Merge,5000,random,5
Merge,10000,random,11
Merge,20000,random,23
Merge,40000,random,45
Merge,80000,random,97
Merge,160000,random,192
Merge,250000,random,299
Merge,500000,random,623
Quick,1000,random,0
Quick,2000,random,0
Quick,3000,random,0
Quick,4000,random,1
Quick,5000,random,1
Quick,10000,random,3
Quick,20000,random,6
Quick,40000,random,13
Quick,80000,random,28
Quick,160000,random,58
Quick,250000,random,98
Quick,500000,random,208
Heap,1000,random,0
Heap,2000,random,0
Heap,3000,random,0
Heap,4000,random,1
Heap,5000,random,1
Heap,10000,random,4
Heap,20000,random,9
Heap,40000,random,21
Heap,80000,random,44
Heap,160000,random,97
Heap,250000,random,157
Heap,500000,random,337
Bubble,1000,reverse,8
Bubble,2000,reverse,29
Bubble,3000,reverse,64
Bubble,4000,reverse,116
Bubble,5000,reverse,182
Bubble,10000,reverse,732
Bubble,20000,reverse,2942
Bubble,40000,reverse,11813
Bubble,80000,reverse,47274
Bubble,160000,reverse,303387
Bubble,250000,reverse,683603
Bubble,500000,reverse,4843627
Selection,1000,reverse,1
Selection,2000,reverse,6
Selection,3000,reverse,14
Selection,4000,reverse,24
Selection,5000,reverse,38
Selection,10000,reverse,151
Selection,20000,reverse,604
Selection,40000,reverse,2449
Selection,80000,reverse,9805
Selection,160000,reverse,233901
Selection,250000,reverse,97049
Selection,500000,reverse,436607
Insertion,1000,reverse,1
Insertion,2000,reverse,6
Insertion,3000,reverse,15
Insertion,4000,reverse,25
Insertion,5000,reverse,38
Insertion,10000,reverse,157
Insertion,20000,reverse,639
Insertion,40000,reverse,2562
Insertion,80000,reverse,10254
Insertion,160000,reverse,41275
Insertion,250000,reverse,106315
