Algorithm,InputSize,DataType,TimeMS
Bubble,1000,sorted,1
Bubble,2000,sorted,4
Bubble,3000,sorted,15
Bubble,4000,sorted,16
Bubble,5000,sorted,18
Bubble,10000,sorted,72
Bubble,20000,sorted,238
Bubble,40000,sorted,926
Selection,1000,sorted,0
Selection,2000,sorted,1
Selection,3000,sorted,3
Selection,4000,sorted,5
Selection,5000,sorted,9
Selection,10000,sorted,38
Selection,20000,sorted,159
Selection,40000,sorted,657
Insertion,1000,sorted,0
Insertion,2000,sorted,0
Insertion,3000,sorted,0
Insertion,4000,sorted,0
Insertion,5000,sorted,0
Insertion,10000,sorted,0
Insertion,20000,sorted,0
Insertion,40000,sorted,0
Merge,1000,sorted,0
Merge,2000,sorted,1
Merge,3000,sorted,1
Merge,4000,sorted,1
Merge,5000,sorted,2
Merge,10000,sorted,4
Merge,20000,sorted,8
Merge,40000,sorted,17
Merge,80000,sorted,36
Merge,160000,sorted,65
Merge,250000,sorted,109
Merge,500000,sorted,219
Quick,1000,sorted,0
Quick,2000,sorted,0
Quick,3000,sorted,0
Quick,4000,sorted,0
Quick,5000,sorted,0
Quick,10000,sorted,1
Quick,20000,sorted,1
Quick,40000,sorted,5
Quick,80000,sorted,7
Quick,160000,sorted,14
Quick,250000,sorted,25
Quick,500000,sorted,58
Heap,1000,sorted,0
Heap,2000,sorted,0
Heap,3000,sorted,0
Heap,4000,sorted,0
Heap,5000,sorted,1
Heap,10000,sorted,2
Heap,20000,sorted,4
Heap,40000,sorted,9
Heap,80000,sorted,20
Heap,160000,sorted,38
Heap,250000,sorted,62
Heap,500000,sorted,127
Bubble,1000,random,2
Bubble,2000,random,8
Bubble,3000,random,17
Bubble,4000,random,35
Bubble,5000,random,57
Bubble,10000,random,242
Bubble,20000,random,1094
Bubble,40000,random,4638
Selection,1000,random,0
Selection,2000,random,1
Selection,3000,random,3
Selection,4000,random,8
Selection,5000,random,14
Selection,10000,random,43
Selection,20000,random,168
Selection,40000,random,680
Insertion,1000,random,0
Insertion,2000,random,1
Insertion,3000,random,2
Insertion,4000,random,4
Insertion,5000,random,6
Insertion,10000,random,32
Insertion,20000,random,110
Insertion,40000,random,424
Merge,1000,random,0
Merge,2000,random,0
Merge,3000,random,1
Merge,4000,random,1
Merge,5000,random,2
Merge,10000,random,4
Merge,20000,random,9
Merge,40000,random,19
Merge,80000,random,40
Merge,160000,random,82
Merge,250000,random,130
Merge,500000,random,265
Quick,1000,random,0
Quick,2000,random,0
Quick,3000,random,0
Quick,4000,random,0
Quick,5000,random,0
Quick,10000,random,1
Quick,20000,random,3
Quick,40000,random,9
Quick,80000,random,12
Quick,160000,random,26
Quick,250000,random,42
Quick,500000,random,90
Heap,1000,random,0
Heap,2000,random,0
Heap,3000,random,0
Heap,4000,random,1
Heap,5000,random,1
Heap,10000,random,2
Heap,20000,random,4
Heap,40000,random,11
Heap,80000,random,25
Heap,160000,random,46
Heap,250000,random,75
Heap,500000,random,168
Bubble,1000,reverse,2
Bubble,2000,reverse,7
Bubble,3000,reverse,18
Bubble,4000,reverse,37
Bubble,5000,reverse,55
Bubble,10000,reverse,194
Bubble,20000,reverse,802
Bubble,40000,reverse,3197
Selection,1000,reverse,0
Selection,2000,reverse,2
Selection,3000,reverse,3
Selection,4000,reverse,7
Selection,5000,reverse,10
Selection,10000,reverse,44
Selection,20000,reverse,166
Selection,40000,reverse,695
Insertion,1000,reverse,0
Insertion,2000,reverse,2
Insertion,3000,reverse,6
Insertion,4000,reverse,12
Insertion,5000,reverse,15
Insertion,10000,reverse,52
Insertion,20000,reverse,216
Insertion,40000,reverse,867
Merge,1000,reverse,0
Merge,2000,reverse,0
Merge,3000,reverse,1
Merge,4000,reverse,1
Merge,5000,reverse,1
Merge,10000,reverse,5
Merge,20000,reverse,7
Merge,40000,reverse,17
Merge,80000,reverse,37
Merge,160000,reverse,66
Merge,250000,reverse,107
Merge,500000,reverse,199
Quick,1000,reverse,0
Quick,2000,reverse,0
Quick,3000,reverse,0
Quick,4000,reverse,0
Quick,5000,reverse,0
Quick,10000,reverse,0
Quick,20000,reverse,1
Quick,40000,reverse,3
Quick,80000,reverse,7
Quick,160000,reverse,18
Quick,250000,reverse,27
Quick,500000,reverse,67
Heap,1000,reverse,0
Heap,2000,reverse,0
Heap,3000,reverse,0
Heap,4000,reverse,0
Heap,5000,reverse,0
Heap,10000,reverse,1
Heap,20000,reverse,4
Heap,40000,reverse,7
Heap,80000,reverse,17
Heap,160000,reverse,35
Heap,250000,reverse,60
Heap,500000,reverse,122
Algorithm,InputSize,DataType,TimeMS
Bubble,1000,sorted,2
Bubble,2000,sorted,9
Bubble,3000,sorted,19
Bubble,4000,sorted,36
Bubble,5000,sorted,53
Bubble,10000,sorted,204
Bubble,20000,sorted,805
Algorithm,InputSize,DataType,TimeMS
Bubble,1000,sorted,1
Bubble,2000,sorted,3
Bubble,3000,sorted,11
Bubble,4000,sorted,12
Bubble,5000,sorted,20
Bubble,10000,sorted,79
Bubble,20000,sorted,273
Bubble,40000,sorted,1184
Selection,1000,sorted,1
Selection,2000,sorted,1
Selection,3000,sorted,6
Selection,4000,sorted,7
Selection,5000,sorted,12
Selection,10000,sorted,54
Selection,20000,sorted,228
Selection,40000,sorted,1033
Insertion,1000,sorted,0
Insertion,2000,sorted,0
Insertion,3000,sorted,0
Insertion,4000,sorted,0
Insertion,5000,sorted,0
Insertion,10000,sorted,0
Insertion,20000,sorted,0
Insertion,40000,sorted,0
Merge,1000,sorted,0
Merge,2000,sorted,1
Merge,3000,sorted,2
Merge,4000,sorted,3
Merge,5000,sorted,4
Merge,10000,sorted,7
Merge,20000,sorted,10
Merge,40000,sorted,24
Merge,80000,sorted,48
Merge,160000,sorted,107
Merge,250000,sorted,131
Merge,500000,sorted,270
Quick,1000,sorted,0
Quick,2000,sorted,0
Quick,3000,sorted,0
Quick,4000,sorted,0
Quick,5000,sorted,0
Quick,10000,sorted,1
Quick,20000,sorted,2
Quick,40000,sorted,5
Quick,80000,sorted,10
Quick,160000,sorted,18
Quick,250000,sorted,29
Quick,500000,sorted,77
Heap,1000,sorted,0
Heap,2000,sorted,0
Heap,3000,sorted,0
Heap,4000,sorted,1
Heap,5000,sorted,1
Heap,10000,sorted,3
Heap,20000,sorted,5
Heap,40000,sorted,13
Heap,80000,sorted,23
Heap,160000,sorted,46
Heap,250000,sorted,71
Heap,500000,sorted,161
Bubble,1000,random,3
Bubble,2000,random,13
Bubble,3000,random,29
Bubble,4000,random,64
Bubble,5000,random,73
Bubble,10000,random,298
Bubble,20000,random,1336
Bubble,40000,random,5455
Selection,1000,random,0
Selection,2000,random,4
Selection,3000,random,8
Selection,4000,random,11
Selection,5000,random,13
Selection,10000,random,54
Selection,20000,random,207
Selection,40000,random,836
Insertion,1000,random,0
Insertion,2000,random,2
Insertion,3000,random,7
Insertion,4000,random,9
Insertion,5000,random,18
Insertion,10000,random,33
Insertion,20000,random,127
Insertion,40000,random,520
Merge,1000,random,0
Merge,2000,random,2
Merge,3000,random,4
Merge,4000,random,4
Merge,5000,random,5
Merge,10000,random,6
Merge,20000,random,15
Merge,40000,random,28
Merge,80000,random,49
Merge,160000,random,109
Merge,250000,random,152
Merge,500000,random,364
Quick,1000,random,0
Quick,2000,random,0
Quick,3000,random,0
Quick,4000,random,1
Quick,5000,random,1
Quick,10000,random,2
Quick,20000,random,5
Quick,40000,random,7
Quick,80000,random,18
Quick,160000,random,34
Quick,250000,random,54
Quick,500000,random,114
Heap,1000,random,0
Heap,2000,random,0
Heap,3000,random,1
Heap,4000,random,1
Heap,5000,random,2
Heap,10000,random,2
Heap,20000,random,5
Heap,40000,random,11
Heap,80000,random,35
Heap,160000,random,55
Heap,250000,random,115
Heap,500000,random,195
Bubble,1000,reverse,2
Bubble,2000,reverse,18
Bubble,3000,reverse,38
Bubble,4000,reverse,48
Bubble,5000,reverse,74
Bubble,10000,reverse,263
Bubble,20000,reverse,1023
Bubble,40000,reverse,4083
Selection,1000,reverse,0
Selection,2000,reverse,3
Selection,3000,reverse,9
Selection,4000,reverse,16
Selection,5000,reverse,18
Selection,10000,reverse,51
Selection,20000,reverse,705
Selection,40000,reverse,2524
Insertion,1000,reverse,1
Insertion,2000,reverse,4
Insertion,3000,reverse,6
Insertion,4000,reverse,14
Insertion,5000,reverse,23
Insertion,10000,reverse,80
Insertion,20000,reverse,267
Insertion,40000,reverse,2154
Merge,1000,reverse,1
Merge,2000,reverse,2
Merge,3000,reverse,2
Merge,4000,reverse,3
Merge,5000,reverse,6
Merge,10000,reverse,9
Merge,20000,reverse,21
Merge,40000,reverse,54
Merge,80000,reverse,82
Merge,160000,reverse,166
Merge,250000,reverse,278
Merge,500000,reverse,508
Quick,1000,reverse,0
Quick,2000,reverse,0
Quick,3000,reverse,0
Quick,4000,reverse,0
Quick,5000,reverse,1
Quick,10000,reverse,2
Quick,20000,reverse,4
Quick,40000,reverse,9
Quick,80000,reverse,20
Quick,160000,reverse,45
Quick,250000,reverse,86
Quick,500000,reverse,107
Heap,1000,reverse,0
Heap,2000,reverse,0
Heap,3000,reverse,0
Heap,4000,reverse,1
Heap,5000,reverse,0
Heap,10000,reverse,2
Heap,20000,reverse,6
Heap,40000,reverse,9
Heap,80000,reverse,19
Heap,160000,reverse,128
Heap,250000,reverse,119
Heap,500000,reverse,283
