Iteration,Array_ns,LinkedList_ns,Heap_ns
1,1300,4600,2000
2,200,1200,200
3,200,700,200
4,100,900,200
5,200,600,200
6,200,600,100
7,200,500,200
8,200,700,200
9,200,700,100
10,200,600,100
11,200,700,100
12,200,600,100
13,200,700,200
14,200,700,200
15,200,700,100
16,200,700,100
17,300,600,200
18,200,600,200
19,200,600,100
20,300,600,100
21,300,600,100
22,300,600,200
23,200,700,100
24,200,600,100
25,300,500,200
26,300,700,200
27,300,600,100
28,300,500,200
29,300,700,100
30,300,600,100
31,300,600,100
32,200,700,100
33,300,600,100
34,200,700,100
35,300,800,200
36,400,800,100
37,400,600,100
38,400,500,200
39,500,600,200
40,400,500,200
41,400,600,100
42,400,600,100
43,400,600,200
44,400,600,100
45,400,600,100
46,400,600,100
47,400,600,100
48,500,600,100
49,500,500,200
50,400,600,200
51,300,600,100
52,400,600,100
53,500,500,200
54,400,600,200
55,400,500,100
56,300,500,100
57,300,500,100
58,400,500,100
59,400,500,100
60,300,500,100
61,300,500,100
62,500,500,100
63,500,500,200
64,500,500,200
65,500,500,100
66,400,500,100
67,500,500,100
68,400,500,100
69,400,600,100
70,500,500,100
71,300,600,100
72,400,500,100
73,500,500,200
74,500,500,200
75,500,500,100
76,400,500,300
77,500,500,100
78,500,500,100
79,500,500,100
80,600,600,100
81,500,500,100
82,400,600,100
83,400,500,100
84,500,500,100
85,400,600,100
86,600,700,100
87,500,500,100
88,500,600,100
89,400,500,100
90,500,500,100
91,400,600,100
92,500,500,100
93,500,500,100
94,500,600,100
95,500,500,200
96,500,500,100
97,400,500,100
98,500,500,100
99,600,500,100
100,800,500,100
101,200,500,100
102,200,500,100
103,200,500,100
104,200,500,200
105,200,500,100
106,200,500,100
107,200,600,100
108,200,500,100
109,300,500,100
110,200,500,100
111,300,500,200
112,200,500,100
113,200,600,200
114,200,500,100
115,200,500,100
116,200,500,100
117,200,500,100
118,200,500,100
119,200,600,200
120,300,500,100
121,300,600,100
122,200,500,100
123,300,500,100
124,300,500,100
125,400,500,200
126,300,500,100
127,300,500,100
128,300,500,100
129,400,500,300
130,300,500,100
131,400,500,100
132,300,500,100
133,200,600,100
134,400,600,200
135,300,600,200
136,300,500,100
137,300,500,100
138,400,500,200
139,3700,2000,100
140,300,900,100
141,300,600,100
142,500,500,100
143,400,500,200
144,300,600,100
145,300,500,100
146,400,600,100
147,300,500,100
148,300,500,200
149,400,600,100
150,300,600,100
151,300,500,100
152,400,500,100
153,400,500,200
154,400,500,100
155,300,500,200
156,400,500,100
157,400,600,100
158,400,500,100
159,300,500,100
160,400,600,200
161,500,500,200
162,400,500,100
163,400,1000,200
164,500,500,200
165,400,600,200
166,400,600,100
167,500,500,100
168,400,500,100
169,500,600,200
170,400,500,100
171,500,600,100
172,600,500,200
173,500,600,200
174,300,600,200
175,500,600,200
176,400,500,100
177,300,600,100
178,500,1100,100
179,400,600,100
180,300,600,100
181,600,600,100
182,600,600,100
183,400,600,100
184,400,600,100
185,500,500,100
186,500,600,200
187,500,600,200
188,300,600,200
189,500,500,100
190,500,700,200
191,500,600,100
192,400,600,100
193,600,800,200
194,600,700,200
195,500,500,100
196,500,500,200
197,600,600,100
198,500,500,100
199,500,600,200
200,900,500,100
201,200,700,100
202,200,500,100
203,200,700,200
204,200,700,100
205,300,600,100
206,200,700,100
207,300,600,200
208,200,600,200
209,200,600,200
210,200,500,100
211,300,700,100
212,300,600,100
213,200,600,100
214,200,700,200
215,200,700,200
216,300,700,100
217,200,600,200
218,200,600,300
219,300,600,100
220,300,600,200
221,200,800,200
222,300,600,100
223,300,700,100
224,300,500,200
225,200,700,200
226,300,600,100
227,300,600,100
228,300,500,200
229,300,600,200
230,200,600,100
231,300,500,100
232,400,600,100
233,400,700,200
234,300,700,100
235,300,600,100
236,300,600,100
237,400,500,100
238,400,600,200
239,400,500,100
240,300,600,200
241,400,600,100
242,400,600,200
243,400,600,200
244,200,800,100
245,400,500,100
246,400,600,200
247,400,500,200
248,400,600,100
249,400,600,200
250,300,500,100
251,300,600,100
252,300,500,100
253,300,600,200
254,1900,3000,700
255,600,1100,200
256,500,1100,200
257,400,1100,200
258,400,1000,200
259,600,1000,200
260,500,1200,200
261,1400,2100,500
262,600,1200,200
263,500,1000,200
264,400,1100,200
265,700,1700,400
266,500,1100,200
267,400,1100,300
268,900,2300,1000
269,300,1000,200
270,500,1000,100
271,500,1000,200
272,600,700,100
273,500,600,200
274,500,700,100
275,500,600,200
276,500,600,100
277,500,600,100
278,600,600,300
279,400,600,100
280,400,700,200
281,300,700,100
282,600,600,200
283,400,800,200
284,400,600,100
285,400,600,100
286,500,500,100
287,500,700,100
288,500,800,100
289,600,600,200
290,1800,2300,600
291,600,1000,400
292,400,700,100
293,400,600,100
294,400,700,100
295,500,500,200
296,400,500,100
297,3900,1900,100
298,500,600,200
299,600,600,200
300,800,600,100
301,3200,2000,200
302,200,500,200
303,300,500,100
304,200,700,200
305,300,500,100
306,200,500,100
307,200,600,200
308,200,500,100
309,200,600,100
310,200,600,100
311,200,600,100
312,300,500,200
313,300,600,200
314,200,500,200
315,300,500,100
316,200,500,100
317,300,500,200
318,300,600,100
319,500,600,100
320,200,500,100
321,300,500,100
322,300,600,100
323,200,500,100
324,300,700,100
325,300,500,200
326,200,500,100
327,300,900,100
328,300,600,100
329,400,700,200
330,500,600,100
331,300,900,200
332,200,500,100
333,300,500,100
334,700,600,200
335,300,500,100
336,400,800,100
337,400,800,200
338,300,700,300
339,500,600,100
340,300,700,100
341,300,700,200
342,500,500,100
343,400,600,100
344,400,600,200
345,500,700,300
346,200,500,100
347,400,400,100
348,400,700,200
349,500,600,100
350,400,600,200
351,400,500,100
352,500,500,400
353,400,700,100
354,500,600,200
355,300,700,200
356,400,500,100
357,300,700,100
358,400,700,200
359,400,700,100
360,500,600,100
361,400,800,100
362,400,600,100
363,500,500,200
364,600,600,200
365,500,700,200
366,600,600,100
367,400,900,100
368,500,1300,100
369,500,600,200
370,500,600,200
371,300,500,100
372,400,500,100
373,300,500,100
374,400,500,100
375,500,500,200
376,400,500,200
377,300,600,200
378,500,500,200
379,500,500,200
380,600,500,200
381,400,500,100
382,400,500,100
383,400,500,100
384,500,500,100
385,400,600,100
386,500,500,200
387,500,500,200
388,500,500,200
389,500,500,100
390,400,500,100
391,500,500,100
392,500,700,200
393,400,500,100
394,500,500,100
395,500,700,200
396,500,500,100
397,600,600,200
398,600,600,100
399,400,500,100
400,1100,600,300
401,1500,13200,600
402,400,1200,300
403,300,1200,200
404,300,1400,200
405,300,1200,300
406,300,1100,300
407,400,1000,300
408,200,1100,200
409,300,1200,400
410,200,1100,300
411,1100,1700,500
412,300,1100,300
413,400,1000,300
414,300,900,200
415,300,1100,400
416,300,1000,300
417,300,1200,200
418,300,1000,200
419,200,1200,300
420,300,1000,300
421,300,1400,200
422,300,1100,300
423,300,900,200
424,300,1100,200
425,300,900,300
426,400,1400,200
427,300,1100,400
428,200,1300,200
429,300,1300,300
430,400,1100,300
431,300,1000,300
432,300,1200,500
433,400,1000,300
434,400,1100,200
435,600,1200,400
436,300,1100,300
437,400,900,200
438,400,900,300
439,300,1000,400
440,500,800,200
441,300,900,300
442,400,900,300
443,300,1100,200
444,400,1000,300
445,400,1000,200
446,400,1100,200
447,400,900,300
448,400,1000,300
449,400,1100,300
450,500,1100,200
451,400,1000,200
452,400,1000,200
453,500,1100,200
454,600,1200,500
455,400,1000,300
456,400,800,200
457,400,1000,200
458,400,1000,200
459,400,1000,200
460,400,1200,200
461,500,1100,200
462,600,1200,300
463,500,1100,200
464,400,1000,200
465,500,1000,100
466,400,1100,200
467,500,1100,200
468,500,900,200
469,500,7600,200
470,600,1100,200
471,600,1100,200
472,600,1000,200
473,500,1100,200
474,400,1000,200
475,400,1100,200
476,600,1200,200
477,500,1700,200
478,900,1100,200
479,500,1100,500
480,500,1400,200
481,700,900,200
482,600,1400,200
483,500,1100,200
484,500,1000,300
485,500,900,200
486,500,1000,200
487,500,1100,100
488,500,1100,200
489,500,1000,200
490,600,1000,200
491,500,1000,200
492,600,1100,200
493,600,1000,200
494,500,1100,200
495,500,800,200
496,600,1000,200
497,600,900,200
498,600,900,200
499,600,1100,200
500,1000,1000,300
501,300,1700,200
502,200,1000,300
503,200,1400,300
504,200,1600,300
505,300,1100,300
506,300,1600,200
507,300,1700,200
508,200,1300,200
509,1500,5300,600
510,400,1200,200
511,300,1100,200
512,300,1100,200
513,300,1100,200
514,300,2200,200
515,400,1200,300
516,400,9200,800
517,300,1200,300
518,300,1500,300
519,400,8800,300
520,400,1300,300
521,300,1300,200
522,300,1100,200
523,300,1300,300
524,300,1300,300
525,500,2700,200
526,400,1000,300
527,300,1300,200
528,400,1700,200
529,300,1400,200
530,500,1300,300
531,500,1400,300
532,500,1600,300
533,500,1300,300
534,500,9100,300
535,400,1600,200
536,400,2800,300
537,400,1800,300
538,600,1600,300
539,500,1300,300
540,500,1300,200
541,500,1400,500
542,500,1500,300
543,400,1100,200
544,400,1100,200
545,500,1200,200
546,500,1500,400
547,500,1100,200
548,500,1100,300
549,400,1300,200
550,500,1300,200
551,400,1000,200
552,1500,2600,600
553,600,1300,300
554,400,1200,300
555,400,1100,200
556,500,1300,200
557,600,1300,200
558,500,1200,200
559,700,2100,300
560,600,1200,200
561,500,1300,300
562,500,1100,300
563,600,1200,200
564,600,1400,200
565,500,1100,300
566,500,1100,300
567,600,5800,400
568,600,1500,300
569,500,1200,200
570,500,1100,300
571,500,9700,200
572,600,1800,200
573,600,1000,300
574,600,1200,300
575,600,1600,200
576,800,1500,300
577,600,1200,300
578,700,1000,200
579,500,1000,300
580,700,1100,300
581,600,1300,300
582,600,1200,300
583,600,1500,300
584,700,1200,300
585,600,1100,300
586,700,1300,300
587,600,1000,300
588,700,1200,300
589,700,1100,300
590,800,1300,300
591,700,1200,300
592,700,1200,300
593,700,1000,300
594,700,1300,400
595,600,1000,200
596,700,1200,300
597,600,1000,300
598,700,1300,300
599,700,1400,300
600,1200,1200,300
601,400,1200,300
602,300,1300,400
603,300,1200,300
604,300,1200,300
605,300,1100,300
606,300,1300,300
607,300,1000,300
608,300,1100,300
609,900,2000,600
610,900,1700,400
611,200,600,100
612,200,500,100
613,1500,2300,500
614,500,1500,200
615,400,1400,200
616,300,1400,200
617,300,1300,300
618,300,1300,200
619,300,1200,300
620,400,1300,300
621,400,1400,300
622,400,1100,300
623,300,1300,200
624,400,1200,200
625,300,1300,300
626,400,1000,200
627,400,1100,200
628,1400,2100,500
629,500,1300,200
630,400,1200,300
631,400,1500,400
632,400,1400,300
633,400,1300,300
634,1500,2900,700
635,800,1600,400
636,1600,9600,800
637,500,1600,300
638,500,1200,300
639,400,1200,200
640,900,1700,400
641,400,600,200
642,300,600,200
643,300,900,200
644,400,700,100
645,400,700,100
646,300,900,100
647,400,900,2900
648,400,500,100
649,400,500,200
650,300,500,100
651,400,600,100
652,900,1800,200
653,400,1800,200
654,300,400,100
655,400,600,100
656,300,680700,300
657,500,1000,200
658,300,800,100
659,400,800,200
660,400,600,200
661,200,500,100
662,400,600,100
663,500,800,200
664,400,600,100
665,300,400,100
666,300,700,100
667,400,600,100
668,400,500,300
669,400,600,100
670,500,500,100
671,400,500,100
672,500,600,100
673,400,600,100
674,700,5700,300
675,400,1500,500
676,400,800,200
677,400,500,100
678,500,424600,200
679,500,600,100
680,300,600,100
681,500,600,200
682,600,500,200
683,1600,2100,200
684,400,600,200
685,500,500,100
686,500,700,100
687,300,500,100
688,300,600,100
689,300,500,100
690,300,500,100
691,500,4900,200
692,500,600,100
693,400,500,100
694,500,500,100
695,500,500,200
696,500,600,100
697,600,800,100
698,600,1600,200
699,500,700,200
700,800,600,100
701,200,500,100
702,3300,2000,200
703,300,500,200
704,200,500,100
705,100,600,200
706,100,4900,100
707,200,4447800,1500
708,1700,5400,700
709,300,1800,300
710,400,8400,300
711,1100,3000,200
712,300,2700,300
713,300,1100,300
714,400,2500,300
715,300,1200,300
716,300,1200,200
717,300,1200,400
718,300,1000,300
719,400,1100,300
720,400,1100,300
721,400,1300,300
722,400,1000,300
723,400,1800,300
724,20600,3300,400
725,300,1100,300
726,500,1200,300
727,400,1300,300
728,300,1000,300
729,400,1200,200
730,400,1000,300
731,500,1000,300
732,400,900,300
733,400,1100,400
734,400,1100,200
735,400,1200,300
736,400,1000,200
737,400,1200,200
738,500,1000,300
739,400,1000,300
740,300,1100,300
741,400,1000,200
742,400,1000,300
743,500,1100,200
744,500,1100,300
745,600,1300,300
746,400,1000,300
747,400,1100,200
748,400,1000,200
749,500,1200,200
750,500,1200,300
751,400,1200,400
752,800,2200,400
753,400,1100,200
754,500,1100,200
755,500,1100,300
756,500,1200,200
757,500,1000,200
758,500,1100,300
759,600,1000,300
760,500,1000,200
761,500,1100,300
762,500,1000,300
763,500,1200,300
764,500,1000,300
765,600,1000,300
766,600,1000,300
767,600,1000,300
768,600,1200,300
769,500,1100,300
770,500,1200,200
771,700,1200,300
772,600,1100,300
773,500,1000,300
774,700,1200,200
775,600,900,300
776,500,1300,300
777,500,1000,300
778,500,1000,300
779,600,1100,200
780,600,1200,300
781,700,1400,300
782,600,1000,300
783,600,1000,400
784,500,1000,200
785,600,1000,300
786,600,1000,200
787,600,900,200
788,600,1000,200
789,600,1000,300
790,600,1100,200
791,600,900,200
792,600,1100,200
793,600,1000,200
794,600,1000,300
795,600,1000,200
796,600,1200,200
797,700,1200,300
798,700,1000,300
799,600,1300,300
800,1100,1100,300
801,300,1000,200
802,300,900,200
803,300,800,300
804,200,900,200
805,300,1100,200
806,200,1000,200
807,300,1000,200
808,300,1300,200
809,300,1000,200
810,200,1000,200
811,300,1200,200
812,300,1000,200
813,300,1000,200
814,300,1000,200
815,400,900,200
816,300,1100,200
817,300,5000,200
818,400,1100,200
819,300,1000,300
820,300,1000,300
821,400,1100,200
822,400,1000,200
823,300,12700,300
824,300,1000,200
825,300,1100,200
826,300,1000,300
827,400,1100,200
828,400,1000,300
829,700,900,200
830,400,900,200
831,400,900,200
832,300,900,200
833,300,900,200
834,300,900,300
835,400,800,300
836,400,1000,200
837,400,1100,200
838,400,900,200
839,400,900,200
840,400,1000,200
841,400,1000,200
842,500,1000,200
843,400,1100,200
844,500,1000,200
845,1300,2300,600
846,500,1100,200
847,500,1000,300
848,400,1000,200
849,400,1100,200
850,400,1100,200
851,400,900,200
852,400,900,200
853,400,900,200
854,400,900,200
855,500,900,200
856,400,1000,200
857,400,1000,100
858,400,1000,200
859,500,1100,200
860,500,1100,200
861,400,1000,200
862,500,900,300
863,600,1200,200
864,500,1000,200
865,500,1000,200
866,500,900,200
867,400,1200,200
868,600,800,300
869,600,1200,200
870,400,1000,200
871,500,1100,200
872,500,1100,200
873,600,1100,200
874,500,1000,200
875,600,1200,200
876,600,1200,200
877,700,1000,200
878,500,1300,200
879,600,1100,200
880,600,1100,200
881,600,1200,200
882,600,1400,200
883,700,1200,200
884,500,1300,200
885,600,1200,200
886,600,1100,300
887,500,1700,200
888,600,1000,300
889,500,1200,200
890,600,1000,200
891,600,1000,300
892,700,1000,200
893,700,1100,200
894,600,900,200
895,600,1200,300
896,600,1100,300
897,600,1000,200
898,700,1300,200
899,700,1000,200
900,1400,1300,200
901,300,900,200
902,200,900,300
903,200,1100,200
904,300,800,200
905,300,1000,200
906,200,1200,200
907,300,1100,200
908,300,1000,200
909,300,1300,300
910,200,1000,200
911,200,1200,300
912,1100,2200,500
913,300,900,200
914,200,1000,200
915,200,1000,200
916,300,900,200
917,300,1000,200
918,300,800,200
919,300,800,200
920,300,900,200
921,300,900,200
922,300,900,200
923,300,800,100
924,300,1400,200
925,200,1000,200
926,300,800,200
927,600,3200,400
928,300,900,200
929,500,900,200
930,300,1100,200
931,300,800,100
932,300,1200,200
933,300,900,200
934,300,700,200
935,400,800,200
936,300,800,200
937,300,1000,200
938,300,1100,600
939,300,900,200
940,300,900,200
941,400,800,200
942,400,1400,200
943,900,900,1400
944,300,1300,100
945,500,900,200
946,400,900,200
947,400,900,200
948,400,1000,200
949,500,1400,100
950,600,1200,200
951,300,1000,200
952,400,800,200
953,400,1200,200
954,600,900,200
955,400,800,300
956,400,900,200
957,400,1000,200
958,400,800,200
959,500,800,200
960,400,900,200
961,400,900,100
962,500,1000,100
963,600,800,200
964,400,900,200
965,1000,2200,400
966,400,1000,300
967,500,900,200
968,400,1000,100
969,400,900,300
970,500,1000,300
971,400,1100,200
972,600,900,200
973,400,1000,300
974,500,1000,200
975,500,1000,200
976,600,38100,300
977,600,1000,200
978,500,1000,200
979,500,900,200
980,500,1100,200
981,500,900,200
982,1400,2000,500
983,600,900,300
984,500,1000,200
985,600,1200,300
986,600,900,200
987,500,1600,300
988,600,900,34600
989,1400,7300,600
990,600,1100,300
991,600,1100,200
992,500,1000,100
993,600,1100,200
994,500,900,200
995,600,6400,200
996,500,1000,200
997,1000,1500,400
998,500,1100,200
999,700,1000,300
1000,1000,1300,300
